{
  "data": [
    {
      "title": "Big root",
      "type": "folder",
      "icons": "fa fa-home",
      "children": [
        {
          "title": "Big root1",
          "type": "folder",
          "progress": {
            "currentScore": 50,
            "displayedScore": 30
          },
          "children": [
            {
              "title": "Documents",
              "icons": "fa fa-folder",
              "type": "folder",
              "children": [
                {
                  "title": "Work",
                  "type": "folder",
                  "children": [
                    {
                      "title": "Expenses.doc",
                      "type": "leaf"
                    },
                    {
                      "title": "Resume.doc",
                      "type": "leaf"
                    }
                  ]
                },
                {
                  "title": "Resume.doc",
                  "type": "leaf"
                },
                {
                  "title": "Home",
                  "type": "folder",
                  "children": [
                    {
                      "title": "Invoices.txt",
                      "type": "leaf"
                    },
                    {
                      "title": "Work",
                      "type": "folder",
                      "children": [
                        {
                          "title": "Expenses.doc",
                          "type": "leaf"
                        },
                        {
                          "title": "Resume.doc",
                          "type": "leaf"
                        }
                      ]
                    }
                  ]
                }
              ]
            },
            {
              "title": "Pictures",
              "type": "folder",
              "children": [
                {
                  "title": "barcelona.jpg",
                  "type": "leaf"
                },
                {
                  "title": "logo.jpg",
                  "type": "leaf"
                },
                {
                  "title": "primeui.png",
                  "type": "leaf"
                }
              ]
            },
            {
              "title": "Movies",
              "type": "folder",
              "children": [
                {
                  "title": "Al Pacino",
                  "type": "folder",
                  "children": [
                    {
                      "title": "Scarface",
                      "type": "leaf"
                    },
                    {
                      "title": "Serpico",
                      "type": "leaf"
                    }
                  ]
                },
                {
                  "title": "Robert De Niro",
                  "type": "folder",
                  "children": [
                    {
                      "title": "Goodfellas",
                      "type": "leaf"
                    },
                    {
                      "title": "Untouchables",
                      "type": "leaf"
                    }
                  ]
                }
              ]
            }
          ]
        }
      ]
    },
    {
      "title": "Big root",
      "type": "folder",
      "icons": "fa fa-home",
      "children": [
        {
          "title": "Big root1",
          "type": "folder",
          "progress": {
            "currentScore": 50,
            "displayedScore": 30
          },
          "children": [
            {
              "title": "Documents",
              "icons": "fa fa-folder",
              "type": "folder",
              "children": [
                {
                  "title": "Work",
                  "type": "folder",
                  "children": [
                    {
                      "title": "Expenses.doc",
                      "type": "leaf"
                    },
                    {
                      "title": "Resume.doc",
                      "type": "leaf"
                    }
                  ]
                },
                {
                  "title": "Resume.doc",
                  "type": "leaf"
                },
                {
                  "title": "Home",
                  "type": "folder",
                  "children": [
                    {
                      "title": "Invoices.txt",
                      "type": "leaf"
                    },
                    {
                      "title": "Work",
                      "type": "folder",
                      "children": [
                        {
                          "title": "Expenses.doc",
                          "type": "leaf"
                        },
                        {
                          "title": "Resume.doc",
                          "type": "leaf"
                        }
                      ]
                    }
                  ]
                }
              ]
            },
            {
              "title": "Pictures",
              "type": "folder",
              "children": [
                {
                  "title": "barcelona.jpg",
                  "type": "leaf"
                },
                {
                  "title": "logo.jpg",
                  "type": "leaf"
                },
                {
                  "title": "primeui.png",
                  "type": "leaf"
                }
              ]
            },
            {
              "title": "Movies",
              "type": "folder",
              "children": [
                {
                  "title": "Al Pacino",
                  "type": "folder",
                  "children": [
                    {
                      "title": "Scarface",
                      "type": "leaf"
                    },
                    {
                      "title": "Serpico",
                      "type": "leaf"
                    }
                  ]
                },
                {
                  "title": "Robert De Niro",
                  "type": "folder",
                  "children": [
                    {
                      "title": "Goodfellas",
                      "type": "leaf"
                    },
                    {
                      "title": "Untouchables",
                      "type": "leaf"
                    }
                  ]
                }
              ]
            }
          ]
        }
      ]
    }
  ]
}
