{
    "data": [
    	{
				"title": "Graphs: methods",
				"type": "leaf",
				"ring": true,
				"state": "started",
				"progress": {
					"displayedScore": 100,
					"currentScore": 100
				}
    	},
    	{
				"title": "List graph caracteristics",
				"type": "leaf",
				"ring": false,
				"state": "never opened",
				"progress": {
					"displayedScore": 0,
					"currentScore": 0
				}
    	},
    	{
				"title": "Reduce graph size",
				"type": "folder",
				"ring": false,
				"state": "opened",
				"progress": {
					"displayedScore": 90,
					"currentScore": 90
				},
				"children": [
					{
						"title": "Simplify or optimize manipulation",
						"type": "leaf",
						"ring": true,
						"state": "opened",
						"progress": {
							"displayedScore": 30,
							"currentScore": 30
						}
					},
					{
						"title": "Spot symetry an convert to normal form",
						"type": "folder",
						"ring": true,
						"state": "opened",
						"progress": {
							"displayedScore": 70,
							"currentScore": 70
						},
						"children": [
							{
								"title": "Simplify or optimize manipulation",
								"type": "leaf",
								"ring": true,
								"state": "opened",
								"progress": {
									"displayedScore": 30,
									"currentScore": 30
								}
							},
							{
								"title": "Spot symetry an convert to normal form",
								"type": "leaf",
								"ring": true,
								"state": "opened",
								"progress": {
									"displayedScore": 70,
									"currentScore": 70
								}
							}
						]
					},
					{
						"title": "Simplify or optimize manipulation",
						"type": "leaf",
						"ring": false,
						"state": "opened",
						"progress": {
							"displayedScore": 30,
							"currentScore": 30
						}
					},
					{
						"title": "Spot symetry an convert to normal form",
						"type": "folder",
						"ring": false,
						"state": "opened",
						"progress": {
							"displayedScore": 70,
							"currentScore": 70
						},
						"children": [
							{
								"title": "Simplify or optimize manipulation",
								"type": "leaf",
								"ring": true,
								"state": "opened",
								"progress": {
									"displayedScore": 30,
									"currentScore": 30
								}
							},
							{
								"title": "Spot symetry an convert to normal form",
								"type": "leaf",
								"ring": true,
								"state": "opened",
								"progress": {
									"displayedScore": 70,
									"currentScore": 70
								}
							}
						]
					}
				]
    	},
    	{
				"title": "Flood Fill",
				"type": "leaf",
				"ring": true,
				"state": "opened",
				"progress": {
					"displayedScore": 70,
					"currentScore": 70,
					"icons": "camera"
				}
			},
			{
				"title": "Horizontal digging (BFS) et DijkstraHorizontal digging (BFS) et DijkstraHorizontal digging (BFS) et DijkstraHorizontal digging (BFS) et DijkstraHorizontal digging (BFS) et Dijkstra",
				"type": "leaf",
				"ring": false,
				"state": "locked",
				"progress": {
					"displayedScore": 20,
					"currentScore": 20
				}
			}
    ]
}